{
  "user_config": {
    "user": "Alice",
    "default_host": "example.com"
  },
  "Widget Container1": {
    "type": "widgetContainer",
    "position": [50, 50],
    "size": [800, 600],
    "widgets": [
      {
        "type": "label",
        "text": "System Monitor",
        "id": "titleLabel",
        "style": {
          "color": "white",
          "font-size": "18px"
        }
      },
      {
        "type": "latency_chart",
        "target_host": "google.com",
        "interval": 1000,
        "max_points": 180,
        "style": {}
      },
      {
        "type": "button",
        "text": "Check CPU Usage",
        "action": [
          {
            "type": "python",
            "function": "get_cpu_usage",
            "outputTarget": "cpuUsageLabel"
          }
        ],
        "style": {
          "background-color": "lightblue",
          "font-size": "14px"
        }
      },
      {
        "type": "label",
        "text": "CPU Usage: ",
        "id": "cpuUsageLabel",
        "style": {
          "color": "white",
          "font-size": "14px"
        }
      }
    ]
  }
}
